dt, 200.0
universe, Universe
G, 6.67E-11
Body Name, Sun
Initial Pos X, 0.0
Initial Pos Y, 0.0
Initial Pos Z, 0.0
,
time, x, y, z, magnitude
0.0,0.006801416012545196,-0.015403690265537598,3.087064040467677E-5,0.016838464495575686
200000.0,7.130939903390065,-15.283769706387634,0.031245864989764536,16.865494260404347
400000.0,14.89292439467232,-30.26398198930081,0.06314187065977347,33.72998354239119
600000.0,23.2814947197535,-44.92966911653292,0.09570822169810252,50.60348133647272
800000.0,32.28428736052311,-59.25486936238825,0.12893405172448089,67.4791180849322
1000000.0,41.88784801253623,-73.21407851393876,0.16280830759701212,84.34998287084323
1200000.0,52.077646315237864,-86.7822976908762,0.19731975179609904,101.2091269270085
1400000.0,62.83809258117184,-99.93508105428984,0.23245695034628863,118.04956730459104
1600000.0,74.15255663684019,-112.64858311121408,0.26820826208368814,134.86429056060672
1800000.0,86.00338908091157,-124.89960536295935,0.304561843141958,151.64625650223596
2000000.0,98.37194505864456,-136.66564225106197,0.34150566007849553,168.38840213218992
2200000.0,111.2386104190739,-147.9249264087886,0.37902749844220646,185.08364585466916
2400000.0,124.58283010809433,-158.6564731481176,0.41711496157393824,201.72489190586475
2600000.0,138.3831387152253,-168.84012404715872,0.455755462164882,218.30503494417744
2800000.0,152.61719314375154,-178.45658945960068,0.49493621340704447,234.81696473314054
3000000.0,167.26180743056324,-187.48748972032044,0.5346442279590526,251.2535708622199
3200000.0,182.29298979213095,-195.9153948121359,0.5748663283836246,267.6077475019073
3400000.0,197.685981941144,-203.7238623575708,0.6155891618917878,283.8723982706614
3600000.0,213.41530057253416,-210.89747396520536,0.6567992049985842,300.0404413217746
3800000.0,229.45478076975994,-217.42187000396373,0.6984827521857009,316.10481466164697
4000000.0,245.77762111643807,-223.28378266764773,0.7406259014853608,332.0584815522029
4200000.0,262.3564305016257,-228.47106696054206,0.7832145533887952,347.89443584035587
4400000.0,279.1632766929326,-232.9727293235918,0.8262344217319426,363.60570722382516
4600000.0,296.1697366299054,-236.77895386261264,0.8696710435062418,379.1853665628787
4800000.0,313.3469482696799,-239.881126223017,0.913509779480012,394.62653130277704
5000000.0,330.66566379080166,-242.271855114165,0.9577358060381516,409.92237100278464
5200000.0,348.0963039692089,-243.94499143815466,1.0023341040231428,425.06611292649677
5400000.0,365.60901355060685,-244.89564491040989,1.0472894535122321,440.051047607812
5600000.0,383.17371748266373,-245.12019794708544,1.0925864413108366,454.8705342800678
5800000.0,400.76017793953434,-244.61631656913696,1.1382094761459915,469.51800612414326
6000000.0,418.33805208454584,-243.38295828245992,1.1841427955330088,483.986975442908
6200000.0,435.8769504212639,-241.42037714817587,1.2303704555316692,498.27103891593606
6400000.0,453.3464954714119,-238.73012622691314,1.2768763139401758,512.3638829363853
6600000.0,470.7163805117288,-235.3150573011585,1.3236440239700893,526.2592888569402
6800000.0,487.9564281953292,-231.17931761494495,1.3706570417576056,539.9511379845228
7000000.0,505.0366489588408,-226.32834349382645,1.41789863701725,553.4334163174282
7200000.0,521.9272991104597,-220.7688509070089,1.4653518965298469,566.7002191138813
7400000.0,538.5989384566577,-214.50882311652572,1.5129997180732186,579.7457553700781
7600000.0,555.0224873046575,-207.5574955626822,1.5608247988158064,592.5643522455211
7800000.0,571.1692826604166,-199.92533812072728,1.608809626591559,605.1504594279976
8000000.0,587.0111333973781,-191.6240347735684,1.656936483493282,617.498653337711
8200000.0,602.5203741515561,-182.66646056180664,1.705187461157851,629.6036409886675
8400000.0,617.6699178075556,-173.0666556623366,1.7535444713977657,641.4602634495386
8600000.0,632.4333065795335,-162.83979675247878,1.801989239291494,653.0634990892763
8800000.0,646.7847616587776,-152.002166034414,1.8505032868013342,664.4084668000323
9000000.0,660.6992312549835,-140.57111816915878,1.8990679239636907,675.4904291721931
9200000.0,674.1524367849792,-128.5650451390342,1.9476642540905278,686.3047954449786
9400000.0,687.1209170131616,-116.00333897821527,1.9962731856766618,696.8471240937532
9600000.0,699.5820700472847,-102.90635239603408,2.044875440327632,707.1131250448312
9800000.0,711.5141931572936,-89.29535743487229,2.093451551646872,717.0986615962236
1.0E7,722.8965204060938,-75.19250236955303,2.1419818568735085,726.7997521422998
1.02E7,733.70925809246,-60.62076708820881,2.190446488245567,736.2125717948376
1.04E7,743.9336179799767,-45.60391720735659,2.23882537434499,745.3334539415832
1.06E7,753.5518481464567,-30.166457070961233,2.287098255839559,754.158891610771
1.08E7,762.5472611845634,-14.333581574256117,2.335244702252594,762.6855383896066
1.1E7,770.9042596998291,1.8688732291229144,2.383244112572002,770.9102088849182
1.12E7,778.6083593183386,18.41448050416057,2.431075703707877,778.8298789990727
1.14E7,785.6462093554574,35.27627365245076,2.4787185037297244,786.4416862061817
1.16E7,792.005611097999,52.426797745365135,2.526151358361249,793.7429297784224
1.18E7,797.6755335615424,69.83816127730273,2.5733529463426117,800.7310708088405
1.2E7,802.6461266196649,87.48208819219603,2.620301793978397,807.4037319170068
1.22E7,806.9087314942839,105.32997011655046,2.666976282091196,813.7586966226271
1.24E7,810.455888681012,123.3529186896616,2.713354644937455,819.7939084552997
1.26E7,813.2813434456384,141.52181784665325,2.7594149664692664,825.5074699203641
1.28E7,815.3800490778559,159.80737587338498,2.8051351836215357,830.8976414704416
1.3E7,816.7481680343639,178.18017701646374,2.8504931042732697,835.9628405497731
1.32E7,817.3830708392725,196.610732494102,2.8954664318629413,840.7016405077158
1.34E7,817.2833324922469,215.06953092426193,2.940032777571503,845.1127690990995
1.36E7,816.4487264779581,233.52708820924784,2.984169658238257,849.1951066530698
1.38E7,814.8802167275932,251.95399676671636,3.0278544959583993,852.9476842125667
1.4E7,812.5799477572258,270.3209739253929,3.0710646298158566,856.36968178414
1.42E7,809.551233018415,288.5989093414633,3.1137773376255518,859.4604266422199
1.44E7,805.7985414155344,306.75891134711924,3.155969859315742,862.2193915611184
1.46E7,801.3274819517843,324.77235218346647,3.1976194143310592,864.6461928695966
1.48E7,796.1447865268036,342.6109120950302,3.2387032106114253,866.7405882955318
1.5E7,790.2582909932348,360.246622276063,3.2791984490836357,868.5024746581493
1.52E7,783.6769146736129,377.65190666382824,3.3190823326469334,869.9318855558226
1.54E7,776.4106386097998,394.79962254662223,3.358332088579285,871.0289892442443
1.56E7,768.4704826996663,411.6630998627652,3.3969250011994814,871.7940867365085
1.58E7,759.8684815537076,428.2161790312287,3.4348384369834073,872.2276098346869
1.6E7,750.6176588810868,444.43324731163597,3.4720498544202636,872.3301188599881
1.62E7,740.7320005673971,460.28927381607696,3.508536811741415,872.1023002407854
1.64E7,730.2264267547379,475.759843228078,3.5442769850814857,871.5449642208628
1.66E7,719.1167631120227,490.8211881905498,3.5792481972881447,870.6590427849203
1.68E7,707.41971135167,505.45022029403094,3.613428450263785,869.4455877565482
1.7E7,695.152818977691,519.6245595993449,3.6467959528070906,867.9057689589147
1.72E7,682.3344482266363,533.3225626526782,3.67932913961247,866.0408723230594
1.74E7,668.9837441921189,546.5233490009005,3.7110066837792215,863.8522978884026
1.76E7,655.1206022062911,559.2068262826778,3.741807511470408,861.3415577572763
1.78E7,640.7656346636128,571.3537140255528,3.771710828342118,858.5102741954976
1.8E7,625.940137524604,582.945566233036,3.800696157702499,855.3601780807651
1.82E7,610.6660565763473,593.9647926495416,3.828743375437786,851.893107635902
1.84E7,594.9659532806637,604.3946785024904,3.8558327299367017,848.1110071278046
1.86E7,578.8629700933276,614.2194027316388,3.8819448554765885,844.0159254025605
1.88E7,562.3807953681023,623.424054890913,3.9070607930235477,839.6100144349922
1.9E7,545.5436280273817,631.9946508597682,3.9311620216957968,834.895528094072
1.92E7,528.376142118391,639.9181473993219,3.954230495368082,829.8748212048038
1.94E7,510.90345130510497,647.1824555218898,3.976248676325587,824.5503488837699
1.96E7,493.151073288796,653.7764525967369,3.9971995597655523,818.924666046997
1.98E7,475.1448941058468,659.689993110576,4.01706668930189,813.0004269555302
2.0E7,456.91113225417445,664.9139180806199,4.035834171720986,806.7803847346405
2.02E7,438.47630266957816,669.4400632576584,4.053486701713354,800.2673909710692
2.04E7,419.86718067264945,673.2612663359126,4.070009598595044,793.464395629929
2.06E7,401.1107660363325,676.3713732562362,4.085388842715179,786.3744474439492
2.08E7,382.2342472085679,678.7652434256067,4.099611098043511,779.000694629266
2.1E7,363.26496559129293,680.4387536443442,4.112663724178268,771.346385672494
2.12E7,344.2303798002955,681.3888007685775,4.1245347912433115,763.4148701574657
2.14E7,325.1580299298371,681.6133032810363,4.1352131042516875,755.2095997966104
2.16E7,306.0755018896473,681.1112019098176,4.144688233871273,746.7341298377836
2.18E7,287.0103918784932,679.8824593571367,4.152950546140016,737.9921209511613
2.2E7,267.99027104696415,677.9280591168813,4.1599912234985865,728.9873416190344
2.22E7,249.04265037570525,675.2500032627108,4.165802274386018,719.7236709467294
2.24E7,230.19494574195687,671.8513090594923,4.170376538359843,710.2051017632637
2.26E7,211.4744431058848,667.7360043874565,4.17370769907556,700.43574400385
2.28E7,192.90826377579222,662.9091221688785,4.175790309311914,690.4198285915687
2.3E7,174.52332979839747,657.3766940140159,4.1766198176079765,680.1617121169187
2.32E7,156.34632958386226,651.1457430904674,4.176192582722372,669.6658824396466
2.34E7,138.4036838399062,644.2242760082574,4.174505875051158,658.9369651173935
2.36E7,120.72151179742109,636.6212735534643,4.1715578761815335,647.9797305831441
2.38E7,103.32559766940828,628.3466802863442,4.167347685525566,636.7991021879205
2.4E7,86.24135730806582,619.4113931178373,4.161875334098307,625.4001653667946
2.42E7,69.49380505732562,609.827248975517,4.1551417995619415,613.7881782323338
2.44E7,53.10752082940419,599.6070116321857,4.147149014467264,601.9685839078929
2.46E7,37.1066174849241,588.7643576806788,4.137899861976389,589.9470248688287
2.48E7,21.514708628867904,577.3138614948267,4.127398163212669,577.729359455663
2.5E7,6.354876857809287,565.2709789899933,4.115648669904743,565.3216807377526
2.52E7,-8.350357639279684,552.6520301973012,4.1026570696620475,552.7303381839411
2.54E7,-22.57906823264394,539.4741808516055,4.088429994927488,539.9619629081187
2.56E7,-36.30995273032568,525.7554231373293,4.072975021726853,527.0234973424983
2.58E7,-49.522363840832476,511.51455554237515,4.056300654871162,513.9222301351637
2.6E7,-62.196339082215374,496.77116165933734,4.0384163080460835,500.6658371188057
2.62E7,-74.31263009179857,481.5455878195266,4.01933228850084,487.2624294686173
2.64E7,-85.85273136461794,465.85891954986363,3.9990597892949244,473.7206105777222
2.66E7,-96.79890846834226,449.732956907912,3.9776108854052206,460.0495436343265
2.68E7,-107.13422577657589,433.1901887781287,3.9549985262239704,446.259032401272
2.7E7,-116.84257371654317,416.2537662159533,3.9312365166642254,432.35961830659124
2.72E7,-125.90869538850711,398.94747484553017,3.90633948698773,418.36269760609446
2.74E7,-134.3182123100922,381.295706158203,3.8803228647906205,404.28066315172276
2.76E7,-142.05764920280882,363.3234275528816,3.853202860676396,390.1270765764507
2.78E7,-149.1144579739743,345.05615115863753,3.8249964607092624,375.9168786144207
2.8E7,-155.477041017108,326.5199015972283,3.7957214110866895,361.6666475133278
2.82E7,-161.13477376343306,307.74118277848123,3.7653961900407604,347.3949180718672
2.84E7,-166.07802629656405,288.7469437140511,3.7340399732877896,333.12257710531975
2.86E7,-170.29818384977352,269.5645432842646,3.701672602453994,318.8733554228719
2.88E7,-173.78766608652117,250.22171390662558,3.6683145614696713,304.674441865233
2.9E7,-176.53994514572838,230.7465240962915,3.633986959426731,290.5572516317542
2.92E7,-178.549562489354,211.16733994692268,3.5987115135120336,276.55838886202025
2.94E7,-179.81214462848666,191.51278560074155,3.5625105233212966,262.7208516385408
2.96E7,-180.32441774315788,171.8117028226814,3.525406832610046,249.09553459380544
2.98E7,-180.08422096059445,152.09310976540934,3.487423789328558,235.74308643475302
3.0E7,-179.09051793648754,132.38615887623018,3.4485852197012195,222.73616997869783
3.02E7,-177.3434066848517,112.72009385726481,3.4089154132342427,210.16213778431612
3.04E7,-174.84412785002755,93.12420571539766,3.368439102883873,198.12605360161575
3.06E7,-171.59507151128346,73.62778802969966,3.3271814333718495,186.7538215764257
3.08E7,-167.59978242619647,54.26009155845041,3.2851679225089163,176.19488339199552
3.1E7,-162.8629635309922,35.0502782731275,3.242424424464696,166.6234683748641
3.12E7,-157.39047751854457,16.027374878539412,3.1989771012806294,158.2367612582716
3.14E7,-151.18934637280358,-2.7797741383255636,3.1548524030940808,151.24780558600176
3.16E7,-144.26774881915776,-21.342553896211786,3.110077051803107,145.87104077036145
3.18E7,-136.63501574387476,-39.63262691409764,3.064678019194872,142.29991178775302
3.2E7,-128.30162371857574,-57.621981254157525,3.0186824925229754,140.67946480019086
3.22E7,-119.27918667092376,-75.28297884152977,2.9721178340043366,141.0811282934415
3.24E7,-109.58044542411939,-92.58840370815045,2.9250115524195928,143.4888226070367
3.26E7,-99.21925478687292,-109.51151005381654,2.8773912898985716,147.8022690467394
3.28E7,-88.21056823181212,-126.02607016903083,2.829284807717035,153.8560351840377
3.3E7,-76.57042036707324,-142.10642219847247,2.7807199607353486,161.44657602049304
3.32E7,-64.31590729422338,-157.7275176090344,2.731724663745087,170.35835189924182
3.34E7,-51.46516482330999,-172.8649681790355,2.682326858353615,180.38335646950486
3.36E7,-38.0373444586443,-187.49509231742812,2.6325544876939078,191.3326411246056
3.38E7,-24.052587057546326,-201.59496053500658,2.5824354813819195,203.04118801437113
3.4E7,-9.531994096079199,-215.1424399290017,2.531997746744432,215.36838064730233
3.42E7,5.502403448363968,-228.1162376087933,2.481269157162613,228.19608016162394
3.44E7,21.027678471116136,-240.49594306643195,2.4302775284568203,241.42569900936903
3.46E7,37.020043149271025,-252.26206947859373,2.3790505852888466,254.975087359695
3.48E7,53.4548862782945,-263.3960936966113,2.327615935061469,268.775640335207
3.5E7,70.30681269423556,-273.88049452048614,2.2760010595280322,282.7697886458724
3.52E7,87.54968491251608,-283.6987890892884,2.224233310713318,296.9089043340228
3.54E7,105.15666685527363,-292.8355674576034,2.1723398964971423,311.1515920141716
3.56E7,123.10026944555761,-301.2765253777275,2.1203478561156652,325.4623126512136
3.58E7,141.35239790104788,-309.0084951872486,2.0682840337697344,339.8102827889532
3.6E7,159.8844006153739,-316.019474636219,2.0161750584753944,354.1685966758708
3.62E7,178.6671195495834,-322.2986534499691,1.964047334641059,368.5135263538383
3.64E7,197.6709420823035,-327.83643741411646,1.9119270413849074,382.8239628146295
3.66E7,216.86585426987168,-332.62446983126677,1.8598401315241408,397.08096867521533
3.68E7,236.22149542358778,-336.6556503469082,1.8078123193850688,411.2674190791655
3.7E7,255.7072138157964,-339.9241512903949,1.7558690559322148,425.36771257827536
3.72E7,275.29212323903124,-342.42543161088764,1.704035505914978,439.3675375677658
3.74E7,294.94516019757305,-344.15624815875907,1.6523365420203888,453.25368270620095
3.76E7,314.63514167081007,-345.1146639486383,1.6007967489644823,467.0138822313784
3.78E7,334.3308234108058,-345.30005334013134,1.5494404204614038,480.63668928293595
3.8E7,354.0009586299854,-344.71310429446777,1.4982915444549574,494.11137192016685
3.82E7,373.61435687179386,-343.355817833059,1.4473737832283111,507.4278275690064
3.84E7,393.13994285514406,-341.2315047389956,1.3967104569985729,520.5765124308682
3.86E7,412.5468150891472,-338.34477948019844,1.346324537321134,533.5483830276903
3.88E7,431.804304059863,-334.701551260436,1.2962386511321384,546.3348475572518
3.9E7,450.8820298226164,-330.30901205814246,1.246475087574046,558.9277251701983
3.92E7,469.7499588972553,-325.17562160363684,1.1970557949586222,571.3192117475667
3.94E7,488.37846040460835,-319.31108947150057,1.1480023633637275,583.5018512019294
3.96E7,506.7383613284291,-312.7263546112796,1.099336004849199,595.4685115519819
3.98E7,524.8010006577888,-305.4335624833569,1.0510775477478704,607.21236494879
4.0E7,542.5382821244841,-297.4460396649608,1.0032474443811277,618.726870750245
4.02E7,559.9227253748791,-288.77826577021744,0.9558657766478146,630.005760967207
4.04E7,576.9275155314266,-279.44584276731996,0.9089522502333132,641.0430277379166
4.06E7,593.5265510980676,-269.465461925037,0.8625261807734604,651.8329126242807
4.08E7,609.6944901244227,-258.85486861787115,0.8166064801584442,662.369897520561
4.1E7,625.40679451984,-247.63282518130785,0.771211650429804,672.6486969483159
4.12E7,640.6397723714557,-235.819071956665,0.7263597889450315,682.6642514744684
4.14E7,655.3706180635337,-223.43428655814773,0.6820685998010735,692.4117219171708
4.16E7,669.5774500190026,-210.50004130979377,0.6383553979437206,701.886484029283
4.18E7,683.2393460556324,-197.0387589082971,0.5952370979470594,711.0841235872539
4.2E7,696.3363764926501,-183.07366660119234,0.5527301971923244,720.0004320418072
4.22E7,708.8496350609596,-168.62874923934933,0.5108507700991761,728.6314028125554
4.24E7,720.7612674621854,-153.7287013907353,0.46961447669871725,736.9732280366327
4.26E7,732.0544973522005,-138.39887851694974,0.42903657345675383,745.0222954655208
4.28E7,742.713649655606,-122.66524721470803,0.3891319149586736,752.775185352601
4.3E7,752.7241712641876,-106.55433464097206,0.34991494594874567,760.228667360425
4.32E7,762.0726492181592,-90.0931773179089,0.3113996903954776,767.3796975783154
4.34E7,770.7468264626135,-73.30926952930203,0.2735997453408363,774.2254157271838
4.36E7,778.7356152521455,-56.23051151941724,0.23652828516784896,780.7631425941562
4.38E7,786.0291081865025,-38.88515767891798,0.20019807492257635,786.9903776307891
4.4E7,792.6185867034999,-21.301764795716768,0.1646214801941389,792.9047964740139
4.42E7,798.4965268903514,-3.5091403424860785,0.1298104616759537,798.5042481869792
4.44E7,803.6566027807343,14.463709154824816,0.09577656116004973,803.7867523471234
4.46E7,808.0936874633343,32.58762945988101,0.06253089608943195,808.7504962731191
4.48E7,811.8038521531226,50.83336943974009,0.03008416834140255,813.3938324847953
4.5E7,814.7843631534816,69.17163120270723,-0.001553321966691614,817.7152762453939
4.52E7,817.0336765921394,87.57311950807431,-0.03237166917314768,821.7135029887053
4.54E7,818.551430921119,106.00859042396695,-0.062361364765056666,825.3873455509405
4.56E7,819.3384372909453,124.44889918851179,-0.0915133055342453,828.7357912545383
4.58E7,819.3966679703576,142.8650472051722,-0.11981879970748695,831.7579789520539
4.6E7,818.7292430118397,161.22822809025024,-0.14726956436649952,834.4531961615261
4.62E7,817.340415356902,179.5098726650379,-0.17385771239468573,836.8208764045717
4.64E7,815.2355544193538,197.68169274841117,-0.19957573843199825,838.8605966832532
4.66E7,812.4211279495403,215.7157236554539,-0.2244165185852799,840.5720748001169
4.68E7,808.9046820881748,233.58436545207593,-0.24837332193711106,841.9551663699957
4.7E7,804.6948198837096,251.26042304464286,-0.2714398163203708,843.0098617547854
4.72E7,799.8011786153487,268.71714507071323,-0.2936100599617927,843.736283192991
4.74E7,794.2344060566287,285.92826148111743,-0.31487848609170715,844.1346821604957
4.76E7,788.0061356490195,302.868019715137,-0.33523989166875223,844.2054368294807
4.78E7,781.1289605263393,319.51121942126196,-0.35468943573283035,843.9490494772874
4.8E7,773.6164063914621,335.8332457261083,-0.373222645146453,843.3661437763051
4.82E7,765.4829033270465,351.81010108569865,-0.3908354208988936,842.4574619909662
4.84E7,756.7437566865593,367.4184357725361,-0.4075240376364011,841.2238621826326
4.86E7,747.4151172696131,382.6355770615638,-0.4232851324961804,839.6663155841665
4.88E7,737.5139509837829,397.43955712062757,-0.4381156890255356,837.7859042770458
4.9E7,727.058007994415,411.80913946248444,-0.4520130314635675,835.583819044756
4.92E7,716.0657911465764,425.723843813748,-0.4649748336321157,833.0613570701265
4.94E7,704.5565236129477,439.1639694986312,-0.47699912635160735,830.2199194186582
4.96E7,692.5501160042998,452.1106175403648,-0.48808429116831376,827.0610085698481
4.98E7,680.0671331728466,464.54571155571654,-0.49822904490556597,823.5862261954861
5.0E7,667.128760792039,476.4520173981385,-0.5074324258381235,819.7972711874226
5.02E7,653.7567716985144,487.81316147234946,-0.5156937885235001,815.695937826955
5.04E7,639.9734919521737,498.613647665321,-0.5230128073916385,811.2841139711616
5.06E7,625.801766588111,508.8388728909062,-0.5293894834163757,806.5637791786298
5.08E7,611.2649250791667,518.4751413094449,-0.53482414601624,801.537002779507
5.1E7,596.3867465866815,527.509677350548,-0.5393174446576093,796.2059419936729
5.12E7,581.1914251448562,535.9306377022145,-0.5428703328005651,790.5728402860863
5.14E7,565.7035349241844,543.7271223023652,-0.5454840577811677,784.6400260665947
5.16E7,549.9479955488949,550.8891841136723,-0.5471601662078439,778.4099115285741
5.18E7,533.9500373036985,557.4078375056766,-0.5479005133838947,771.8849913324837
5.2E7,517.7351661896004,563.2750653898725,-0.5477072610701094,765.0678411635023
5.22E7,501.3291289438857,568.4838253423721,-0.5465828639167544,757.9611163881423
5.24E7,484.7578781394787,573.0280548097016,-0.5445300545244933,750.567550944124
5.26E7,468.0475374186661,576.9026753724262,-0.5415518354264779,742.8899564632242
5.28E7,451.2243668685912,580.1035959854327,-0.5376514804378086,734.9312215441017
5.3E7,434.314728514607,582.6277151050944,-0.5328325414813786,726.6943110578319
5.32E7,417.3450518924065,584.472921659586,-0.5270988528456716,718.1822653933809
5.34E7,400.3417996666581,585.6380949164219,-0.5204545257635502,709.3981996386711
5.36E7,383.33143329917357,586.1231034172758,-0.5129039336125817,700.3453028222168
5.38E7,366.34037883751284,585.9288031731925,-0.5044516990160066,691.0268374139306
5.4E7,349.3949929373527,585.0570350925296,-0.4951026951078655,681.44613912446
5.42E7,332.5215291471273,583.5106213606063,-0.4848620556670876,671.606616761775
5.44E7,315.74610436562017,581.2933606248712,-0.4737351776848884,661.5117519391778
5.46E7,299.09466540087755,578.410022127254,-0.4617277114905748,651.1650986969379
5.48E7,282.5929556406003,574.8663389683576,-0.4488455462032985,640.5702831999758
5.5E7,266.26648188236146,570.6690005829194,-0.43509479957591984,629.731003610115
5.52E7,250.1404813781805,565.8256444106206,-0.42048181686083497,618.6510301468512
5.54E7,234.23988914603075,560.3448466729313,-0.4050131771736533,607.3342052739408
5.56E7,218.5893055800391,554.2361121249921,-0.3886956998319024,595.7844438903534
5.58E7,203.21296434105926,547.5098626948017,-0.3715364418434943,584.0057334167951
5.6E7,188.13470045656052,540.1774250591778,-0.35354268472042133,572.0021337826226
5.62E7,173.37791856155206,532.2510173414046,-0.33472192019646674,559.7777774657192
5.64E7,158.96556131683948,523.7437350789786,-0.31508184782602267,547.3368697573991
5.66E7,144.92007816304968,514.6695363624598,-0.2946303841633607,534.6836892232612
5.68E7,131.26339452670845,505.04322589614344,-0.27337566920987594,521.8225881470769
5.7E7,118.0168814428787,494.8804378817147,-0.2513260611000302,508.75799282988095
5.72E7,105.20132550729988,484.1976178114908,-0.2284901232418389,495.4944037933746
5.74E7,92.83689912006959,473.0120032862836,-0.20487661282834538,482.0363959967749
5.76E7,80.94313103889198,461.34160392439344,-0.18049447710960984,468.388619153121
5.78E7,69.53887731258733,449.205180368129,-0.1553528585380669,454.5557981832033
5.8E7,58.64229272299323,436.6222223115431,-0.12946110279508802,440.5427337639981
5.82E7,48.27080286425421,423.6129254048167,-0.10282875932028447,426.35430284323417
5.84E7,38.441076875115996,410.1981669362486,-0.07546556986510432,411.99545900923385
5.86E7,29.169000704477433,396.3994803484082,-0.047381453577635485,397.4712327547592
5.88E7,20.469650803419018,382.23902875081717,-0.018586502068616714,382.78673181007724
5.9E7,12.357268322193915,367.73957751953344,0.01090901290608469,367.9471416842889
5.92E7,4.845234046574663,352.92446590197255,0.04109463054186157,352.9577263836667
5.94E7,-2.053955751744526,337.81757748058976,0.07195970188041924,337.82382918805934
5.96E7,-8.32871253914114,322.4433094355751,0.1034934001214296,322.55087344977
5.98E7,-13.968377880445194,306.8265406425115,0.135684732628859,307.1443635061668
6.0E7,-18.963244981738402,290.99259867449064,0.16852254710655318,291.6098858808108
6.02E7,-23.304579418415194,274.96722578130465,0.2019955283340807,275.9531110133199
6.04E7,-26.9846389606395,258.7765439035836,0.23609218889441275,260.17979582212195
6.06E7,-29.996692270367184,242.44701871406923,0.27080086496546973,244.29578744548954
6.08E7,-32.335036235356746,226.0054225949985,0.30610972533294895,228.3070286124578
6.1E7,-33.995011928742876,209.47879648257745,0.342006786547349,212.21956549872237
6.12E7,-34.97301936737545,192.89441063441106,0.3784799194333762,196.03955974424403
6.14E7,-35.2665311533298,176.27972445562804,0.4155168423162543,179.7733076070727
6.16E7,-34.87410485652552,159.66234548981475,0.45310511022752875,163.4272714729516
6.18E7,-33.79539388114453,143.06998760287837,0.4912321116301712,147.00813347994378
6.2E7,-32.03115663038465,126.53042834419855,0.5298850754609412,130.52289098177297
6.22E7,-29.583263919457295,110.0714654829086,0.5690510827210729,113.97903683054243
6.24E7,-26.45470466587748,93.72087275123063,0.6087170746294097,97.38492657843979
6.26E7,-22.649589913491123,77.50635485352309,0.6488698516774877,80.75060370061624
6.28E7,-18.173155238025107,61.455501834646626,0.6894960638240701,64.08991872264814
6.3E7,-13.031761456178183,45.59574295599363,0.7305822017667252,47.427126549194526
6.32E7,-7.232893344838393,29.954300224096755,0.7721146017052737,30.82484402249745
6.34E7,-0.7851561108619584,14.55814159902309,0.8140794600695284,14.602009529613982
6.36E7,6.3017303264759805,-0.5660661598298062,0.856462841372792,6.384807327052546
6.38E7,14.0169390344491,-15.392004966724114,0.8992506717365455,20.83739543613216
6.4E7,22.348545688647096,-29.893753046667488,0.9424287259875095,37.336070193798584
6.42E7,31.283540238154085,-44.04583254627537,0.9859826200472835,54.0339468876166
6.44E7,40.8078407947053,-57.82325695591933,1.029897813784816,70.78043235826641
6.46E7,50.90630987307302,-71.20157823084057,1.074159620949105,87.53439864617292
6.48E7,61.56277301633623,-84.15693353652229,1.1187532184613673,104.27663253335037
6.5E7,72.76003976139678,-96.6660915635679,1.1636636479017932,120.9946724337133
6.52E7,84.47992683354326,-108.70649836842881,1.2088758063979894,137.67869190997322
6.54E7,96.70328342979452,-120.25632264921691,1.2543744336778775,154.32006226811728
6.56E7,109.41001859336575,-131.29450020025172,1.3001441103496159,170.91076129413915
6.58E7,122.5791309132234,-141.80077721311866,1.3461692706376955,187.44310050090104
6.6E7,136.18874069240118,-151.75575231980653,1.39243421227728,203.90958860869705
6.62E7,150.2161244250094,-161.14091745661278,1.4389230911887785,220.30285929985374
6.64E7,164.63775135067988,-169.93869752995803,1.4856199069227973,236.6156316782446
6.66E7,179.42932197151137,-178.13248871416616,1.5325084910116742,252.84068838091278
6.68E7,194.5658085144908,-185.70669514836177,1.5795725052447762,268.9708636918196
6.7E7,210.02149735397856,-192.6467638084268,1.626795449008105,284.9990375774977
6.72E7,225.77003338958278,-198.93921738221195,1.674160669069072,300.9181333906718
6.74E7,241.78446632729435,-204.5716850479552,1.7216513637031161,316.7211179633472
6.76E7,258.03729875330026,-209.53293113632097,1.7692505759913904,332.40100334697973
6.78E7,274.50053581467677,-213.81288173036745,1.816941179305464,347.9508497354731
6.8E7,291.1457362643101,-217.40264919060667,1.8647058692272167,363.3637691734826
6.82E7,307.94406472527197,-220.29455429628285,1.9125271724955675,378.632929645991
6.84E7,324.8663452124854,-222.4821456113528,1.9603874600557243,393.7515593449027
6.86E7,341.8831159021062,-223.9602160465051,2.008268946190428,408.7129511707336
6.88E7,358.9646849556684,-224.72481680048728,2.056153675279191,423.5104675203096
6.9E7,376.08118715299156,-224.77326874469935,2.104023508519886,438.13754528401773
6.92E7,393.20264112864874,-224.1041711725593,2.151860119352908,452.58770092597297
6.94E7,410.2990070456008,-222.7174077737383,2.199644999102338,466.85453553133834
6.96E7,427.3402445632001,-220.6141496832792,2.2473594680658007,480.93173973900986
6.98E7,444.2963709734326,-217.79685549365243,2.2949846837584515,494.81309853093387
7.0E7,461.1375193894534,-214.26926821016278,2.342501639221526,508.49249591503997
7.02E7,477.8339968681211,-210.03640926905862,2.3898911514127894,521.9639195972445
7.04E7,494.35634230184326,-205.10456985497217,2.437133851192224,535.2214657231706
7.06E7,510.6753838119904,-199.4812996308573,2.4842101893585147,548.2593435904257
7.08E7,526.7622953640049,-193.1753926410808,2.531100453801123,561.071880073042
7.1E7,542.5886524874608,-186.19687014370794,2.577784777732756,573.653523682921
7.12E7,558.1264870735162,-178.55696050166816,2.62424313354449,585.9988484362764
7.14E7,573.348341147938,-170.26807641767368,2.6704553230137575,598.1025576568782
7.16E7,588.2273194478876,-161.34378970180592,2.7164009742434816,609.959487715734
7.18E7,602.7371406150054,-151.7988036603875,2.76205954900986,621.5646116393933
7.2E7,616.8521868162678,-141.6489231356903,2.8074103579444682,632.9130424935406
7.22E7,630.5475516113551,-130.91102218453852,2.8524325759982125,644.0000364472628
7.24E7,643.7990859273825,-119.60300938890515,2.8971052495313665,654.8209954748264
7.26E7,656.583442087701,-107.74379088636468,2.941407292509069,665.3714697634385
7.28E7,668.8781159249912,-95.3532313742703,2.9853174809532312,675.6471600009455
7.3E7,680.6614869740082,-82.4521134390892,3.0288144607446816,685.6439196676931
7.32E7,691.9128565397184,-69.0620953936612,3.0718767704156646,695.3577571955379
7.34E7,702.6124833452373,-55.205667526785405,3.114482861709771,704.7848377222194
7.36E7,712.7416166666011,-40.90610671003049,3.1566111063635756,713.9214844003292
7.38E7,722.2825270422125,-26.187429550395855,3.198239795616339,722.7641794352647
7.4E7,731.2185346249752,-11.07434436749007,3.2393471436168855,731.3095649943208
7.42E7,739.5340351743655,4.40779777090457,3.2799113004592657,739.5544440273534
7.44E7,747.2145236415538,20.233052775106803,3.319910374443949,747.4957809716178
7.46E7,754.2466152533322,36.37493389423066,3.3593224575637617,755.1307022524588
7.48E7,760.618063959738,52.806462651522494,3.398125644646759,762.4564964491572
7.5E7,766.3177781662406,69.50022032880665,3.4362980408478947,769.470614061136
7.52E7,771.3358338532425,86.4283999041328,3.4738177647246817,776.170666996588
7.54E7,775.6634853316817,103.56285820705816,3.5106629620775704,782.5544280312652
7.56E7,779.29317377951,120.87516800037322,3.54681183583413,788.6198303445449
7.58E7,782.2185334251466,138.33666982235695,3.582242678937694,794.3649669477738
7.6E7,784.4343951719582,155.9185235836868,3.61693389595452,799.7880897688589
7.62E7,785.9367876714197,173.59175991239454,3.650864014614756,804.8876083856713
7.64E7,786.7229360259518,191.32733114420816,3.6840116975810053,809.6620885617945
7.66E7,786.7912583091532,209.09616180657474,3.716355761988184,814.1102507241213
7.68E7,786.1413600447614,226.86919844733825,3.7478752084592415,818.2309684592384
7.7E7,784.7740267331939,244.6174586683663,3.7785492556555305,822.0232670398564
7.72E7,782.6912144102392,262.3120792411877,3.808357370985009,825.4863218834552
7.74E7,779.8960381144888,279.9243632409729,3.837279289062433,828.6194567561653
7.76E7,776.3927582261434,297.42582621376374,3.865295022382132,831.4221416528121
7.78E7,772.1867649123493,314.78824139061487,3.892384879936642,833.8939905549441
7.8E7,767.2845610310435,331.9836838660371,3.918529501737517,836.0347593391807
7.82E7,761.6937436479831,348.9845735816925,3.9437098994636304,837.8443438719665
7.84E7,755.4229840715494,365.7637169873926,3.967907488572654,839.3227780882845
7.86E7,748.4820062914152,382.29434734645196,3.991104108651123,840.4702318744418
7.88E7,740.8815638670374,398.5501637093628,4.013282039843101,841.2870087571531
7.9E7,732.6334154332678,414.5053685747134,4.034424023975365,841.7735435162355
7.92E7,723.750299015464,430.1347042363483,4.054513294175027,841.9303998499621
7.94E7,714.2459053372511,445.41348780269306,4.073533611321668,841.7582682003615
7.96E7,704.1348502588684,460.31764483871643,4.0914692994888835,841.2579637780377
7.98E7,693.4326463324946,474.82374151806795,4.108305269585866,840.4304246522086
8.0E7,682.1556733148601,488.9090151967995,4.124027031016845,839.2767096585649
8.02E7,670.3211476161357,502.551403485119,4.138620706946247,837.7979960990788
8.04E7,657.9470909463786,515.7295719813407,4.1520730646634165,835.9955775071979
8.06E7,645.0522984463265,528.4229407205776,4.164371554130646,833.8708617052838
8.08E7,631.6563063904987,540.6117092511721,4.175504340383083,831.4253691215214
8.1E7,617.7793593958318,552.2768802287725,4.185460323534231,828.6607311854896
8.12E7,603.4423770682765,563.4002814920121,4.194229151070897,825.5786886695067
8.14E7,588.6669201045911,573.9645866654182,4.201801230952296,822.1810899704601
8.16E7,573.4751559383545,583.9533343735968,4.208167751166825,818.469889415844
8.18E7,557.889824054764,593.3509461631899,4.213320706362041,814.4471457178685
8.2E7,541.9342011220393,602.1427432256553,4.217252926091863,810.1150207145545
8.22E7,525.6320660615438,610.3149619256479,4.219958093524859,805.4757784494475
8.24E7,509.0076650220319,617.8547679658475,4.221430748947523,800.5317843951484
8.26E7,492.085676093026,624.7502690460965,4.221666290742238,795.285504555044
8.28E7,474.89117373539193,630.9905261649474,4.220660989494723,789.7395045082167
8.3E7,457.44959310549916,636.5655638181098,4.218412012338395,783.8964486916373
8.32E7,439.78669443721833,641.4663791791027,4.2149174437406405,777.7591000754804
8.34E7,421.92852752888916,645.684950187019,4.210176294417159,771.3303201775099
8.36E7,403.9013963041773,649.2142424333202,4.204188500081573,764.61306928124
8.38E7,385.7318234019298,652.0482147948891,4.19695491740993,757.6104067611255
8.4E7,367.4465147751247,654.181823838351,4.188477324136321,750.3254915056211
8.42E7,349.0723243109437,655.6110270829691,4.178758426023744,742.761582511248
8.44E7,330.636218514043,656.3327852608164,4.167801867645744,734.9220397932661
8.46E7,312.16524133732133,656.3450637255643,4.155612237238429,726.810325799771
8.48E7,293.68647926181023,655.6468329995724,4.142195056105924,718.4300073795984
8.5E7,275.22702662588034,654.2380681959767,4.127556759469577,709.7847580689015
8.52E7,256.81395108366706,652.1197471622096,4.111704686808252,700.8783605059724
8.54E7,238.47425913125682,649.29384753994,4.094647084640012,691.7147091512284
8.56E7,220.23486176025295,645.7633429812153,4.076393109352444,682.297813607529
8.58E7,202.12254032393292,641.5321985798353,4.056952820053252,672.6318026884109
8.6E7,184.16391266785175,636.6053654449845,4.0363371605902065,662.7209292455975
8.62E7,166.38539954042645,630.9887743072759,4.0145579364632855,652.5695757215861
***************************
0,0.0,0.0,0.0,0.0
86400,0.0,0.0,0.0,0.0
172800,0.0,0.0,0.0,0.0
259200,0.0,0.0,0.0,0.0
345600,0.0,0.0,0.0,0.0
432000,0.0,0.0,0.0,0.0
518400,0.0,0.0,0.0,0.0
604800,0.0,0.0,0.0,0.0
691200,0.0,0.0,0.0,0.0
777600,0.0,0.0,0.0,0.0
864000,0.0,0.0,0.0,0.0
950400,0.0,0.0,0.0,0.0
1036800,0.0,0.0,0.0,0.0
1123200,0.0,0.0,0.0,0.0
1209600,0.0,0.0,0.0,0.0
1296000,0.0,0.0,0.0,0.0
1382400,0.0,0.0,0.0,0.0
1468800,0.0,0.0,0.0,0.0
1555200,0.0,0.0,0.0,0.0
1641600,0.0,0.0,0.0,0.0
1728000,0.0,0.0,0.0,0.0
1814400,0.0,0.0,0.0,0.0
1900800,0.0,0.0,0.0,0.0
1987200,0.0,0.0,0.0,0.0
2073600,0.0,0.0,0.0,0.0
2160000,0.0,0.0,0.0,0.0
2246400,0.0,0.0,0.0,0.0
2332800,0.0,0.0,0.0,0.0
2419200,0.0,0.0,0.0,0.0
2505600,0.0,0.0,0.0,0.0
2592000,0.0,0.0,0.0,0.0
2678400,0.0,0.0,0.0,0.0
2764800,0.0,0.0,0.0,0.0
2851200,0.0,0.0,0.0,0.0
2937600,0.0,0.0,0.0,0.0
3024000,0.0,0.0,0.0,0.0
3110400,0.0,0.0,0.0,0.0
3196800,0.0,0.0,0.0,0.0
3283200,0.0,0.0,0.0,0.0
3369600,0.0,0.0,0.0,0.0
3456000,0.0,0.0,0.0,0.0
3542400,0.0,0.0,0.0,0.0
3628800,0.0,0.0,0.0,0.0
3715200,0.0,0.0,0.0,0.0
3801600,0.0,0.0,0.0,0.0
3888000,0.0,0.0,0.0,0.0
3974400,0.0,0.0,0.0,0.0
4060800,0.0,0.0,0.0,0.0
4147200,0.0,0.0,0.0,0.0
4233600,0.0,0.0,0.0,0.0
4320000,0.0,0.0,0.0,0.0
4406400,0.0,0.0,0.0,0.0
4492800,0.0,0.0,0.0,0.0
4579200,0.0,0.0,0.0,0.0
4665600,0.0,0.0,0.0,0.0
4752000,0.0,0.0,0.0,0.0
4838400,0.0,0.0,0.0,0.0
4924800,0.0,0.0,0.0,0.0
5011200,0.0,0.0,0.0,0.0
5097600,0.0,0.0,0.0,0.0
5184000,0.0,0.0,0.0,0.0
5270400,0.0,0.0,0.0,0.0
5356800,0.0,0.0,0.0,0.0
5443200,0.0,0.0,0.0,0.0
5529600,0.0,0.0,0.0,0.0
5616000,0.0,0.0,0.0,0.0
5702400,0.0,0.0,0.0,0.0
5788800,0.0,0.0,0.0,0.0
5875200,0.0,0.0,0.0,0.0
5961600,0.0,0.0,0.0,0.0
6048000,0.0,0.0,0.0,0.0
6134400,0.0,0.0,0.0,0.0
6220800,0.0,0.0,0.0,0.0
6307200,0.0,0.0,0.0,0.0
6393600,0.0,0.0,0.0,0.0
6480000,0.0,0.0,0.0,0.0
6566400,0.0,0.0,0.0,0.0
6652800,0.0,0.0,0.0,0.0
6739200,0.0,0.0,0.0,0.0
6825600,0.0,0.0,0.0,0.0
6912000,0.0,0.0,0.0,0.0
6998400,0.0,0.0,0.0,0.0
7084800,0.0,0.0,0.0,0.0
7171200,0.0,0.0,0.0,0.0
7257600,0.0,0.0,0.0,0.0
7344000,0.0,0.0,0.0,0.0
7430400,0.0,0.0,0.0,0.0
7516800,0.0,0.0,0.0,0.0
7603200,0.0,0.0,0.0,0.0
7689600,0.0,0.0,0.0,0.0
7776000,0.0,0.0,0.0,0.0
7862400,0.0,0.0,0.0,0.0
7948800,0.0,0.0,0.0,0.0
8035200,0.0,0.0,0.0,0.0
8121600,0.0,0.0,0.0,0.0
8208000,0.0,0.0,0.0,0.0
8294400,0.0,0.0,0.0,0.0
8380800,0.0,0.0,0.0,0.0
8467200,0.0,0.0,0.0,0.0
8553600,0.0,0.0,0.0,0.0
8640000,0.0,0.0,0.0,0.0
8726400,0.0,0.0,0.0,0.0
8812800,0.0,0.0,0.0,0.0
8899200,0.0,0.0,0.0,0.0
8985600,0.0,0.0,0.0,0.0
9072000,0.0,0.0,0.0,0.0
9158400,0.0,0.0,0.0,0.0
9244800,0.0,0.0,0.0,0.0
9331200,0.0,0.0,0.0,0.0
9417600,0.0,0.0,0.0,0.0
9504000,0.0,0.0,0.0,0.0
9590400,0.0,0.0,0.0,0.0
9676800,0.0,0.0,0.0,0.0
9763200,0.0,0.0,0.0,0.0
9849600,0.0,0.0,0.0,0.0
9936000,0.0,0.0,0.0,0.0
10022400,0.0,0.0,0.0,0.0
10108800,0.0,0.0,0.0,0.0
10195200,0.0,0.0,0.0,0.0
10281600,0.0,0.0,0.0,0.0
10368000,0.0,0.0,0.0,0.0
10454400,0.0,0.0,0.0,0.0
10540800,0.0,0.0,0.0,0.0
10627200,0.0,0.0,0.0,0.0
10713600,0.0,0.0,0.0,0.0
10800000,0.0,0.0,0.0,0.0
10886400,0.0,0.0,0.0,0.0
10972800,0.0,0.0,0.0,0.0
11059200,0.0,0.0,0.0,0.0
11145600,0.0,0.0,0.0,0.0
11232000,0.0,0.0,0.0,0.0
11318400,0.0,0.0,0.0,0.0
11404800,0.0,0.0,0.0,0.0
11491200,0.0,0.0,0.0,0.0
11577600,0.0,0.0,0.0,0.0
11664000,0.0,0.0,0.0,0.0
11750400,0.0,0.0,0.0,0.0
11836800,0.0,0.0,0.0,0.0
11923200,0.0,0.0,0.0,0.0
12009600,0.0,0.0,0.0,0.0
12096000,0.0,0.0,0.0,0.0
12182400,0.0,0.0,0.0,0.0
12268800,0.0,0.0,0.0,0.0
12355200,0.0,0.0,0.0,0.0
12441600,0.0,0.0,0.0,0.0
12528000,0.0,0.0,0.0,0.0
12614400,0.0,0.0,0.0,0.0
12700800,0.0,0.0,0.0,0.0
12787200,0.0,0.0,0.0,0.0
12873600,0.0,0.0,0.0,0.0
12960000,0.0,0.0,0.0,0.0
13046400,0.0,0.0,0.0,0.0
13132800,0.0,0.0,0.0,0.0
13219200,0.0,0.0,0.0,0.0
13305600,0.0,0.0,0.0,0.0
13392000,0.0,0.0,0.0,0.0
13478400,0.0,0.0,0.0,0.0
13564800,0.0,0.0,0.0,0.0
13651200,0.0,0.0,0.0,0.0
13737600,0.0,0.0,0.0,0.0
13824000,0.0,0.0,0.0,0.0
13910400,0.0,0.0,0.0,0.0
13996800,0.0,0.0,0.0,0.0
14083200,0.0,0.0,0.0,0.0
14169600,0.0,0.0,0.0,0.0
14256000,0.0,0.0,0.0,0.0
14342400,0.0,0.0,0.0,0.0
14428800,0.0,0.0,0.0,0.0
14515200,0.0,0.0,0.0,0.0
14601600,0.0,0.0,0.0,0.0
14688000,0.0,0.0,0.0,0.0
14774400,0.0,0.0,0.0,0.0
14860800,0.0,0.0,0.0,0.0
14947200,0.0,0.0,0.0,0.0
15033600,0.0,0.0,0.0,0.0
15120000,0.0,0.0,0.0,0.0
15206400,0.0,0.0,0.0,0.0
15292800,0.0,0.0,0.0,0.0
15379200,0.0,0.0,0.0,0.0
15465600,0.0,0.0,0.0,0.0
15552000,0.0,0.0,0.0,0.0
15638400,0.0,0.0,0.0,0.0
15724800,0.0,0.0,0.0,0.0
15811200,0.0,0.0,0.0,0.0
15897600,0.0,0.0,0.0,0.0
15984000,0.0,0.0,0.0,0.0
16070400,0.0,0.0,0.0,0.0
16156800,0.0,0.0,0.0,0.0
16243200,0.0,0.0,0.0,0.0
16329600,0.0,0.0,0.0,0.0
16416000,0.0,0.0,0.0,0.0
16502400,0.0,0.0,0.0,0.0
16588800,0.0,0.0,0.0,0.0
16675200,0.0,0.0,0.0,0.0
16761600,0.0,0.0,0.0,0.0
16848000,0.0,0.0,0.0,0.0
16934400,0.0,0.0,0.0,0.0
17020800,0.0,0.0,0.0,0.0
17107200,0.0,0.0,0.0,0.0
17193600,0.0,0.0,0.0,0.0
17280000,0.0,0.0,0.0,0.0
17366400,0.0,0.0,0.0,0.0
17452800,0.0,0.0,0.0,0.0
17539200,0.0,0.0,0.0,0.0
17625600,0.0,0.0,0.0,0.0
17712000,0.0,0.0,0.0,0.0
17798400,0.0,0.0,0.0,0.0
17884800,0.0,0.0,0.0,0.0
17971200,0.0,0.0,0.0,0.0
18057600,0.0,0.0,0.0,0.0
18144000,0.0,0.0,0.0,0.0
18230400,0.0,0.0,0.0,0.0
18316800,0.0,0.0,0.0,0.0
18403200,0.0,0.0,0.0,0.0
18489600,0.0,0.0,0.0,0.0
18576000,0.0,0.0,0.0,0.0
18662400,0.0,0.0,0.0,0.0
18748800,0.0,0.0,0.0,0.0
18835200,0.0,0.0,0.0,0.0
18921600,0.0,0.0,0.0,0.0
19008000,0.0,0.0,0.0,0.0
19094400,0.0,0.0,0.0,0.0
19180800,0.0,0.0,0.0,0.0
19267200,0.0,0.0,0.0,0.0
19353600,0.0,0.0,0.0,0.0
19440000,0.0,0.0,0.0,0.0
19526400,0.0,0.0,0.0,0.0
19612800,0.0,0.0,0.0,0.0
19699200,0.0,0.0,0.0,0.0
19785600,0.0,0.0,0.0,0.0
19872000,0.0,0.0,0.0,0.0
19958400,0.0,0.0,0.0,0.0
20044800,0.0,0.0,0.0,0.0
20131200,0.0,0.0,0.0,0.0
20217600,0.0,0.0,0.0,0.0
20304000,0.0,0.0,0.0,0.0
20390400,0.0,0.0,0.0,0.0
20476800,0.0,0.0,0.0,0.0
20563200,0.0,0.0,0.0,0.0
20649600,0.0,0.0,0.0,0.0
20736000,0.0,0.0,0.0,0.0
20822400,0.0,0.0,0.0,0.0
20908800,0.0,0.0,0.0,0.0
20995200,0.0,0.0,0.0,0.0
21081600,0.0,0.0,0.0,0.0
21168000,0.0,0.0,0.0,0.0
21254400,0.0,0.0,0.0,0.0
21340800,0.0,0.0,0.0,0.0
21427200,0.0,0.0,0.0,0.0
21513600,0.0,0.0,0.0,0.0
21600000,0.0,0.0,0.0,0.0
21686400,0.0,0.0,0.0,0.0
21772800,0.0,0.0,0.0,0.0
21859200,0.0,0.0,0.0,0.0
21945600,0.0,0.0,0.0,0.0
22032000,0.0,0.0,0.0,0.0
22118400,0.0,0.0,0.0,0.0
22204800,0.0,0.0,0.0,0.0
22291200,0.0,0.0,0.0,0.0
22377600,0.0,0.0,0.0,0.0
22464000,0.0,0.0,0.0,0.0
22550400,0.0,0.0,0.0,0.0
22636800,0.0,0.0,0.0,0.0
22723200,0.0,0.0,0.0,0.0
22809600,0.0,0.0,0.0,0.0
22896000,0.0,0.0,0.0,0.0
22982400,0.0,0.0,0.0,0.0
23068800,0.0,0.0,0.0,0.0
23155200,0.0,0.0,0.0,0.0
23241600,0.0,0.0,0.0,0.0
23328000,0.0,0.0,0.0,0.0
23414400,0.0,0.0,0.0,0.0
23500800,0.0,0.0,0.0,0.0
23587200,0.0,0.0,0.0,0.0
23673600,0.0,0.0,0.0,0.0
23760000,0.0,0.0,0.0,0.0
23846400,0.0,0.0,0.0,0.0
23932800,0.0,0.0,0.0,0.0
24019200,0.0,0.0,0.0,0.0
24105600,0.0,0.0,0.0,0.0
24192000,0.0,0.0,0.0,0.0
24278400,0.0,0.0,0.0,0.0
24364800,0.0,0.0,0.0,0.0
24451200,0.0,0.0,0.0,0.0
24537600,0.0,0.0,0.0,0.0
24624000,0.0,0.0,0.0,0.0
24710400,0.0,0.0,0.0,0.0
24796800,0.0,0.0,0.0,0.0
24883200,0.0,0.0,0.0,0.0
24969600,0.0,0.0,0.0,0.0
25056000,0.0,0.0,0.0,0.0
25142400,0.0,0.0,0.0,0.0
25228800,0.0,0.0,0.0,0.0
25315200,0.0,0.0,0.0,0.0
25401600,0.0,0.0,0.0,0.0
25488000,0.0,0.0,0.0,0.0
25574400,0.0,0.0,0.0,0.0
25660800,0.0,0.0,0.0,0.0
25747200,0.0,0.0,0.0,0.0
25833600,0.0,0.0,0.0,0.0
25920000,0.0,0.0,0.0,0.0
26006400,0.0,0.0,0.0,0.0
26092800,0.0,0.0,0.0,0.0
26179200,0.0,0.0,0.0,0.0
26265600,0.0,0.0,0.0,0.0
26352000,0.0,0.0,0.0,0.0
26438400,0.0,0.0,0.0,0.0
26524800,0.0,0.0,0.0,0.0
26611200,0.0,0.0,0.0,0.0
26697600,0.0,0.0,0.0,0.0
26784000,0.0,0.0,0.0,0.0
26870400,0.0,0.0,0.0,0.0
26956800,0.0,0.0,0.0,0.0
27043200,0.0,0.0,0.0,0.0
27129600,0.0,0.0,0.0,0.0
27216000,0.0,0.0,0.0,0.0
27302400,0.0,0.0,0.0,0.0
27388800,0.0,0.0,0.0,0.0
27475200,0.0,0.0,0.0,0.0
27561600,0.0,0.0,0.0,0.0
27648000,0.0,0.0,0.0,0.0
27734400,0.0,0.0,0.0,0.0
27820800,0.0,0.0,0.0,0.0
27907200,0.0,0.0,0.0,0.0
27993600,0.0,0.0,0.0,0.0
28080000,0.0,0.0,0.0,0.0
28166400,0.0,0.0,0.0,0.0
28252800,0.0,0.0,0.0,0.0
28339200,0.0,0.0,0.0,0.0
28425600,0.0,0.0,0.0,0.0
28512000,0.0,0.0,0.0,0.0
28598400,0.0,0.0,0.0,0.0
28684800,0.0,0.0,0.0,0.0
28771200,0.0,0.0,0.0,0.0
28857600,0.0,0.0,0.0,0.0
28944000,0.0,0.0,0.0,0.0
29030400,0.0,0.0,0.0,0.0
29116800,0.0,0.0,0.0,0.0
29203200,0.0,0.0,0.0,0.0
29289600,0.0,0.0,0.0,0.0
29376000,0.0,0.0,0.0,0.0
29462400,0.0,0.0,0.0,0.0
29548800,0.0,0.0,0.0,0.0
29635200,0.0,0.0,0.0,0.0
29721600,0.0,0.0,0.0,0.0
29808000,0.0,0.0,0.0,0.0
29894400,0.0,0.0,0.0,0.0
29980800,0.0,0.0,0.0,0.0
30067200,0.0,0.0,0.0,0.0
30153600,0.0,0.0,0.0,0.0
30240000,0.0,0.0,0.0,0.0
30326400,0.0,0.0,0.0,0.0
30412800,0.0,0.0,0.0,0.0
30499200,0.0,0.0,0.0,0.0
30585600,0.0,0.0,0.0,0.0
30672000,0.0,0.0,0.0,0.0
30758400,0.0,0.0,0.0,0.0
30844800,0.0,0.0,0.0,0.0
30931200,0.0,0.0,0.0,0.0
31017600,0.0,0.0,0.0,0.0
31104000,0.0,0.0,0.0,0.0
31190400,0.0,0.0,0.0,0.0
31276800,0.0,0.0,0.0,0.0
31363200,0.0,0.0,0.0,0.0
31449600,0.0,0.0,0.0,0.0
31536000,0.0,0.0,0.0,0.0
31622400,0.0,0.0,0.0,0.0
31708800,0.0,0.0,0.0,0.0
31795200,0.0,0.0,0.0,0.0
31881600,0.0,0.0,0.0,0.0
31968000,0.0,0.0,0.0,0.0
32054400,0.0,0.0,0.0,0.0
32140800,0.0,0.0,0.0,0.0
32227200,0.0,0.0,0.0,0.0
32313600,0.0,0.0,0.0,0.0
32400000,0.0,0.0,0.0,0.0
32486400,0.0,0.0,0.0,0.0
32572800,0.0,0.0,0.0,0.0
32659200,0.0,0.0,0.0,0.0
32745600,0.0,0.0,0.0,0.0
32832000,0.0,0.0,0.0,0.0
32918400,0.0,0.0,0.0,0.0
33004800,0.0,0.0,0.0,0.0
33091200,0.0,0.0,0.0,0.0
33177600,0.0,0.0,0.0,0.0
33264000,0.0,0.0,0.0,0.0
33350400,0.0,0.0,0.0,0.0
33436800,0.0,0.0,0.0,0.0
33523200,0.0,0.0,0.0,0.0
33609600,0.0,0.0,0.0,0.0
33696000,0.0,0.0,0.0,0.0
33782400,0.0,0.0,0.0,0.0
33868800,0.0,0.0,0.0,0.0
33955200,0.0,0.0,0.0,0.0
34041600,0.0,0.0,0.0,0.0
34128000,0.0,0.0,0.0,0.0
34214400,0.0,0.0,0.0,0.0
34300800,0.0,0.0,0.0,0.0
34387200,0.0,0.0,0.0,0.0
34473600,0.0,0.0,0.0,0.0
34560000,0.0,0.0,0.0,0.0
34646400,0.0,0.0,0.0,0.0
34732800,0.0,0.0,0.0,0.0
34819200,0.0,0.0,0.0,0.0
34905600,0.0,0.0,0.0,0.0
34992000,0.0,0.0,0.0,0.0
35078400,0.0,0.0,0.0,0.0
35164800,0.0,0.0,0.0,0.0
35251200,0.0,0.0,0.0,0.0
35337600,0.0,0.0,0.0,0.0
35424000,0.0,0.0,0.0,0.0
35510400,0.0,0.0,0.0,0.0
35596800,0.0,0.0,0.0,0.0
35683200,0.0,0.0,0.0,0.0
35769600,0.0,0.0,0.0,0.0
35856000,0.0,0.0,0.0,0.0
35942400,0.0,0.0,0.0,0.0
36028800,0.0,0.0,0.0,0.0
36115200,0.0,0.0,0.0,0.0
36201600,0.0,0.0,0.0,0.0
36288000,0.0,0.0,0.0,0.0
36374400,0.0,0.0,0.0,0.0
36460800,0.0,0.0,0.0,0.0
36547200,0.0,0.0,0.0,0.0
36633600,0.0,0.0,0.0,0.0
36720000,0.0,0.0,0.0,0.0
36806400,0.0,0.0,0.0,0.0
36892800,0.0,0.0,0.0,0.0
36979200,0.0,0.0,0.0,0.0
37065600,0.0,0.0,0.0,0.0
37152000,0.0,0.0,0.0,0.0
37238400,0.0,0.0,0.0,0.0
37324800,0.0,0.0,0.0,0.0
37411200,0.0,0.0,0.0,0.0
37497600,0.0,0.0,0.0,0.0
37584000,0.0,0.0,0.0,0.0
37670400,0.0,0.0,0.0,0.0
37756800,0.0,0.0,0.0,0.0
37843200,0.0,0.0,0.0,0.0
37929600,0.0,0.0,0.0,0.0
38016000,0.0,0.0,0.0,0.0
38102400,0.0,0.0,0.0,0.0
38188800,0.0,0.0,0.0,0.0
38275200,0.0,0.0,0.0,0.0
38361600,0.0,0.0,0.0,0.0
38448000,0.0,0.0,0.0,0.0
38534400,0.0,0.0,0.0,0.0
38620800,0.0,0.0,0.0,0.0
38707200,0.0,0.0,0.0,0.0
38793600,0.0,0.0,0.0,0.0
38880000,0.0,0.0,0.0,0.0
38966400,0.0,0.0,0.0,0.0
39052800,0.0,0.0,0.0,0.0
39139200,0.0,0.0,0.0,0.0
39225600,0.0,0.0,0.0,0.0
39312000,0.0,0.0,0.0,0.0
39398400,0.0,0.0,0.0,0.0
39484800,0.0,0.0,0.0,0.0
39571200,0.0,0.0,0.0,0.0
39657600,0.0,0.0,0.0,0.0
39744000,0.0,0.0,0.0,0.0
39830400,0.0,0.0,0.0,0.0
39916800,0.0,0.0,0.0,0.0
40003200,0.0,0.0,0.0,0.0
40089600,0.0,0.0,0.0,0.0
40176000,0.0,0.0,0.0,0.0
40262400,0.0,0.0,0.0,0.0
40348800,0.0,0.0,0.0,0.0
40435200,0.0,0.0,0.0,0.0
40521600,0.0,0.0,0.0,0.0
40608000,0.0,0.0,0.0,0.0
40694400,0.0,0.0,0.0,0.0
40780800,0.0,0.0,0.0,0.0
40867200,0.0,0.0,0.0,0.0
40953600,0.0,0.0,0.0,0.0
41040000,0.0,0.0,0.0,0.0
41126400,0.0,0.0,0.0,0.0
41212800,0.0,0.0,0.0,0.0
41299200,0.0,0.0,0.0,0.0
41385600,0.0,0.0,0.0,0.0
41472000,0.0,0.0,0.0,0.0
41558400,0.0,0.0,0.0,0.0
41644800,0.0,0.0,0.0,0.0
41731200,0.0,0.0,0.0,0.0
41817600,0.0,0.0,0.0,0.0
41904000,0.0,0.0,0.0,0.0
41990400,0.0,0.0,0.0,0.0
42076800,0.0,0.0,0.0,0.0
42163200,0.0,0.0,0.0,0.0
42249600,0.0,0.0,0.0,0.0
42336000,0.0,0.0,0.0,0.0
42422400,0.0,0.0,0.0,0.0
42508800,0.0,0.0,0.0,0.0
42595200,0.0,0.0,0.0,0.0
42681600,0.0,0.0,0.0,0.0
42768000,0.0,0.0,0.0,0.0
42854400,0.0,0.0,0.0,0.0
42940800,0.0,0.0,0.0,0.0
43027200,0.0,0.0,0.0,0.0
43113600,0.0,0.0,0.0,0.0
43200000,0.0,0.0,0.0,0.0
43286400,0.0,0.0,0.0,0.0
43372800,0.0,0.0,0.0,0.0
43459200,0.0,0.0,0.0,0.0
43545600,0.0,0.0,0.0,0.0
43632000,0.0,0.0,0.0,0.0
43718400,0.0,0.0,0.0,0.0
43804800,0.0,0.0,0.0,0.0
43891200,0.0,0.0,0.0,0.0
43977600,0.0,0.0,0.0,0.0
44064000,0.0,0.0,0.0,0.0
44150400,0.0,0.0,0.0,0.0
44236800,0.0,0.0,0.0,0.0
44323200,0.0,0.0,0.0,0.0
44409600,0.0,0.0,0.0,0.0
44496000,0.0,0.0,0.0,0.0
44582400,0.0,0.0,0.0,0.0
44668800,0.0,0.0,0.0,0.0
44755200,0.0,0.0,0.0,0.0
44841600,0.0,0.0,0.0,0.0
44928000,0.0,0.0,0.0,0.0
45014400,0.0,0.0,0.0,0.0
45100800,0.0,0.0,0.0,0.0
45187200,0.0,0.0,0.0,0.0
45273600,0.0,0.0,0.0,0.0
45360000,0.0,0.0,0.0,0.0
45446400,0.0,0.0,0.0,0.0
45532800,0.0,0.0,0.0,0.0
45619200,0.0,0.0,0.0,0.0
45705600,0.0,0.0,0.0,0.0
45792000,0.0,0.0,0.0,0.0
45878400,0.0,0.0,0.0,0.0
45964800,0.0,0.0,0.0,0.0
46051200,0.0,0.0,0.0,0.0
46137600,0.0,0.0,0.0,0.0
46224000,0.0,0.0,0.0,0.0
46310400,0.0,0.0,0.0,0.0
46396800,0.0,0.0,0.0,0.0
46483200,0.0,0.0,0.0,0.0
46569600,0.0,0.0,0.0,0.0
46656000,0.0,0.0,0.0,0.0
46742400,0.0,0.0,0.0,0.0
46828800,0.0,0.0,0.0,0.0
46915200,0.0,0.0,0.0,0.0
47001600,0.0,0.0,0.0,0.0
47088000,0.0,0.0,0.0,0.0
47174400,0.0,0.0,0.0,0.0
47260800,0.0,0.0,0.0,0.0
47347200,0.0,0.0,0.0,0.0
47433600,0.0,0.0,0.0,0.0
47520000,0.0,0.0,0.0,0.0
47606400,0.0,0.0,0.0,0.0
47692800,0.0,0.0,0.0,0.0
47779200,0.0,0.0,0.0,0.0
47865600,0.0,0.0,0.0,0.0
47952000,0.0,0.0,0.0,0.0
48038400,0.0,0.0,0.0,0.0
48124800,0.0,0.0,0.0,0.0
48211200,0.0,0.0,0.0,0.0
48297600,0.0,0.0,0.0,0.0
48384000,0.0,0.0,0.0,0.0
48470400,0.0,0.0,0.0,0.0
48556800,0.0,0.0,0.0,0.0
48643200,0.0,0.0,0.0,0.0
48729600,0.0,0.0,0.0,0.0
48816000,0.0,0.0,0.0,0.0
48902400,0.0,0.0,0.0,0.0
48988800,0.0,0.0,0.0,0.0
49075200,0.0,0.0,0.0,0.0
49161600,0.0,0.0,0.0,0.0
49248000,0.0,0.0,0.0,0.0
49334400,0.0,0.0,0.0,0.0
49420800,0.0,0.0,0.0,0.0
49507200,0.0,0.0,0.0,0.0
49593600,0.0,0.0,0.0,0.0
49680000,0.0,0.0,0.0,0.0
49766400,0.0,0.0,0.0,0.0
49852800,0.0,0.0,0.0,0.0
49939200,0.0,0.0,0.0,0.0
50025600,0.0,0.0,0.0,0.0
50112000,0.0,0.0,0.0,0.0
50198400,0.0,0.0,0.0,0.0
50284800,0.0,0.0,0.0,0.0
50371200,0.0,0.0,0.0,0.0
50457600,0.0,0.0,0.0,0.0
50544000,0.0,0.0,0.0,0.0
50630400,0.0,0.0,0.0,0.0
50716800,0.0,0.0,0.0,0.0
50803200,0.0,0.0,0.0,0.0
50889600,0.0,0.0,0.0,0.0
50976000,0.0,0.0,0.0,0.0
51062400,0.0,0.0,0.0,0.0
51148800,0.0,0.0,0.0,0.0
51235200,0.0,0.0,0.0,0.0
51321600,0.0,0.0,0.0,0.0
51408000,0.0,0.0,0.0,0.0
51494400,0.0,0.0,0.0,0.0
51580800,0.0,0.0,0.0,0.0
51667200,0.0,0.0,0.0,0.0
51753600,0.0,0.0,0.0,0.0
51840000,0.0,0.0,0.0,0.0
51926400,0.0,0.0,0.0,0.0
52012800,0.0,0.0,0.0,0.0
52099200,0.0,0.0,0.0,0.0
52185600,0.0,0.0,0.0,0.0
52272000,0.0,0.0,0.0,0.0
52358400,0.0,0.0,0.0,0.0
52444800,0.0,0.0,0.0,0.0
52531200,0.0,0.0,0.0,0.0
52617600,0.0,0.0,0.0,0.0
52704000,0.0,0.0,0.0,0.0
52790400,0.0,0.0,0.0,0.0
52876800,0.0,0.0,0.0,0.0
52963200,0.0,0.0,0.0,0.0
53049600,0.0,0.0,0.0,0.0
53136000,0.0,0.0,0.0,0.0
53222400,0.0,0.0,0.0,0.0
53308800,0.0,0.0,0.0,0.0
53395200,0.0,0.0,0.0,0.0
53481600,0.0,0.0,0.0,0.0
53568000,0.0,0.0,0.0,0.0
53654400,0.0,0.0,0.0,0.0
53740800,0.0,0.0,0.0,0.0
53827200,0.0,0.0,0.0,0.0
53913600,0.0,0.0,0.0,0.0
54000000,0.0,0.0,0.0,0.0
54086400,0.0,0.0,0.0,0.0
54172800,0.0,0.0,0.0,0.0
54259200,0.0,0.0,0.0,0.0
54345600,0.0,0.0,0.0,0.0
54432000,0.0,0.0,0.0,0.0
54518400,0.0,0.0,0.0,0.0
54604800,0.0,0.0,0.0,0.0
54691200,0.0,0.0,0.0,0.0
54777600,0.0,0.0,0.0,0.0
54864000,0.0,0.0,0.0,0.0
54950400,0.0,0.0,0.0,0.0
55036800,0.0,0.0,0.0,0.0
55123200,0.0,0.0,0.0,0.0
55209600,0.0,0.0,0.0,0.0
55296000,0.0,0.0,0.0,0.0
55382400,0.0,0.0,0.0,0.0
55468800,0.0,0.0,0.0,0.0
55555200,0.0,0.0,0.0,0.0
55641600,0.0,0.0,0.0,0.0
55728000,0.0,0.0,0.0,0.0
55814400,0.0,0.0,0.0,0.0
55900800,0.0,0.0,0.0,0.0
55987200,0.0,0.0,0.0,0.0
56073600,0.0,0.0,0.0,0.0
56160000,0.0,0.0,0.0,0.0
56246400,0.0,0.0,0.0,0.0
56332800,0.0,0.0,0.0,0.0
56419200,0.0,0.0,0.0,0.0
56505600,0.0,0.0,0.0,0.0
56592000,0.0,0.0,0.0,0.0
56678400,0.0,0.0,0.0,0.0
56764800,0.0,0.0,0.0,0.0
56851200,0.0,0.0,0.0,0.0
56937600,0.0,0.0,0.0,0.0
57024000,0.0,0.0,0.0,0.0
57110400,0.0,0.0,0.0,0.0
57196800,0.0,0.0,0.0,0.0
57283200,0.0,0.0,0.0,0.0
57369600,0.0,0.0,0.0,0.0
57456000,0.0,0.0,0.0,0.0
57542400,0.0,0.0,0.0,0.0
57628800,0.0,0.0,0.0,0.0
57715200,0.0,0.0,0.0,0.0
57801600,0.0,0.0,0.0,0.0
57888000,0.0,0.0,0.0,0.0
57974400,0.0,0.0,0.0,0.0
58060800,0.0,0.0,0.0,0.0
58147200,0.0,0.0,0.0,0.0
58233600,0.0,0.0,0.0,0.0
58320000,0.0,0.0,0.0,0.0
58406400,0.0,0.0,0.0,0.0
58492800,0.0,0.0,0.0,0.0
58579200,0.0,0.0,0.0,0.0
58665600,0.0,0.0,0.0,0.0
58752000,0.0,0.0,0.0,0.0
58838400,0.0,0.0,0.0,0.0
58924800,0.0,0.0,0.0,0.0
59011200,0.0,0.0,0.0,0.0
59097600,0.0,0.0,0.0,0.0
59184000,0.0,0.0,0.0,0.0
59270400,0.0,0.0,0.0,0.0
59356800,0.0,0.0,0.0,0.0
59443200,0.0,0.0,0.0,0.0
59529600,0.0,0.0,0.0,0.0
59616000,0.0,0.0,0.0,0.0
59702400,0.0,0.0,0.0,0.0
59788800,0.0,0.0,0.0,0.0
59875200,0.0,0.0,0.0,0.0
59961600,0.0,0.0,0.0,0.0
60048000,0.0,0.0,0.0,0.0
60134400,0.0,0.0,0.0,0.0
60220800,0.0,0.0,0.0,0.0
60307200,0.0,0.0,0.0,0.0
60393600,0.0,0.0,0.0,0.0
60480000,0.0,0.0,0.0,0.0
60566400,0.0,0.0,0.0,0.0
60652800,0.0,0.0,0.0,0.0
60739200,0.0,0.0,0.0,0.0
60825600,0.0,0.0,0.0,0.0
60912000,0.0,0.0,0.0,0.0
60998400,0.0,0.0,0.0,0.0
61084800,0.0,0.0,0.0,0.0
61171200,0.0,0.0,0.0,0.0
61257600,0.0,0.0,0.0,0.0
61344000,0.0,0.0,0.0,0.0
61430400,0.0,0.0,0.0,0.0
61516800,0.0,0.0,0.0,0.0
61603200,0.0,0.0,0.0,0.0
61689600,0.0,0.0,0.0,0.0
61776000,0.0,0.0,0.0,0.0
61862400,0.0,0.0,0.0,0.0
61948800,0.0,0.0,0.0,0.0
62035200,0.0,0.0,0.0,0.0
62121600,0.0,0.0,0.0,0.0
62208000,0.0,0.0,0.0,0.0
62294400,0.0,0.0,0.0,0.0
62380800,0.0,0.0,0.0,0.0
62467200,0.0,0.0,0.0,0.0
62553600,0.0,0.0,0.0,0.0
62640000,0.0,0.0,0.0,0.0
62726400,0.0,0.0,0.0,0.0
62812800,0.0,0.0,0.0,0.0
62899200,0.0,0.0,0.0,0.0
62985600,0.0,0.0,0.0,0.0
63072000,0.0,0.0,0.0,0.0
63158400,0.0,0.0,0.0,0.0
63244800,0.0,0.0,0.0,0.0
63331200,0.0,0.0,0.0,0.0
63417600,0.0,0.0,0.0,0.0
63504000,0.0,0.0,0.0,0.0
63590400,0.0,0.0,0.0,0.0
63676800,0.0,0.0,0.0,0.0
63763200,0.0,0.0,0.0,0.0
63849600,0.0,0.0,0.0,0.0
63936000,0.0,0.0,0.0,0.0
64022400,0.0,0.0,0.0,0.0
64108800,0.0,0.0,0.0,0.0
64195200,0.0,0.0,0.0,0.0
64281600,0.0,0.0,0.0,0.0
64368000,0.0,0.0,0.0,0.0
64454400,0.0,0.0,0.0,0.0
64540800,0.0,0.0,0.0,0.0
64627200,0.0,0.0,0.0,0.0
64713600,0.0,0.0,0.0,0.0
64800000,0.0,0.0,0.0,0.0
64886400,0.0,0.0,0.0,0.0
64972800,0.0,0.0,0.0,0.0
65059200,0.0,0.0,0.0,0.0
65145600,0.0,0.0,0.0,0.0
65232000,0.0,0.0,0.0,0.0
65318400,0.0,0.0,0.0,0.0
65404800,0.0,0.0,0.0,0.0
65491200,0.0,0.0,0.0,0.0
65577600,0.0,0.0,0.0,0.0
65664000,0.0,0.0,0.0,0.0
65750400,0.0,0.0,0.0,0.0
65836800,0.0,0.0,0.0,0.0
65923200,0.0,0.0,0.0,0.0
66009600,0.0,0.0,0.0,0.0
66096000,0.0,0.0,0.0,0.0
66182400,0.0,0.0,0.0,0.0
66268800,0.0,0.0,0.0,0.0
66355200,0.0,0.0,0.0,0.0
66441600,0.0,0.0,0.0,0.0
66528000,0.0,0.0,0.0,0.0
66614400,0.0,0.0,0.0,0.0
66700800,0.0,0.0,0.0,0.0
66787200,0.0,0.0,0.0,0.0
66873600,0.0,0.0,0.0,0.0
66960000,0.0,0.0,0.0,0.0
67046400,0.0,0.0,0.0,0.0
67132800,0.0,0.0,0.0,0.0
67219200,0.0,0.0,0.0,0.0
67305600,0.0,0.0,0.0,0.0
67392000,0.0,0.0,0.0,0.0
67478400,0.0,0.0,0.0,0.0
67564800,0.0,0.0,0.0,0.0
67651200,0.0,0.0,0.0,0.0
67737600,0.0,0.0,0.0,0.0
67824000,0.0,0.0,0.0,0.0
67910400,0.0,0.0,0.0,0.0
67996800,0.0,0.0,0.0,0.0
68083200,0.0,0.0,0.0,0.0
68169600,0.0,0.0,0.0,0.0
68256000,0.0,0.0,0.0,0.0
68342400,0.0,0.0,0.0,0.0
68428800,0.0,0.0,0.0,0.0
68515200,0.0,0.0,0.0,0.0
68601600,0.0,0.0,0.0,0.0
68688000,0.0,0.0,0.0,0.0
68774400,0.0,0.0,0.0,0.0
68860800,0.0,0.0,0.0,0.0
68947200,0.0,0.0,0.0,0.0
69033600,0.0,0.0,0.0,0.0
69120000,0.0,0.0,0.0,0.0
69206400,0.0,0.0,0.0,0.0
69292800,0.0,0.0,0.0,0.0
69379200,0.0,0.0,0.0,0.0
69465600,0.0,0.0,0.0,0.0
69552000,0.0,0.0,0.0,0.0
69638400,0.0,0.0,0.0,0.0
69724800,0.0,0.0,0.0,0.0
69811200,0.0,0.0,0.0,0.0
69897600,0.0,0.0,0.0,0.0
69984000,0.0,0.0,0.0,0.0
70070400,0.0,0.0,0.0,0.0
70156800,0.0,0.0,0.0,0.0
70243200,0.0,0.0,0.0,0.0
70329600,0.0,0.0,0.0,0.0
70416000,0.0,0.0,0.0,0.0
70502400,0.0,0.0,0.0,0.0
70588800,0.0,0.0,0.0,0.0
70675200,0.0,0.0,0.0,0.0
70761600,0.0,0.0,0.0,0.0
70848000,0.0,0.0,0.0,0.0
70934400,0.0,0.0,0.0,0.0
71020800,0.0,0.0,0.0,0.0
71107200,0.0,0.0,0.0,0.0
71193600,0.0,0.0,0.0,0.0
71280000,0.0,0.0,0.0,0.0
71366400,0.0,0.0,0.0,0.0
71452800,0.0,0.0,0.0,0.0
71539200,0.0,0.0,0.0,0.0
71625600,0.0,0.0,0.0,0.0
71712000,0.0,0.0,0.0,0.0
71798400,0.0,0.0,0.0,0.0
71884800,0.0,0.0,0.0,0.0
71971200,0.0,0.0,0.0,0.0
72057600,0.0,0.0,0.0,0.0
72144000,0.0,0.0,0.0,0.0
72230400,0.0,0.0,0.0,0.0
72316800,0.0,0.0,0.0,0.0
72403200,0.0,0.0,0.0,0.0
72489600,0.0,0.0,0.0,0.0
72576000,0.0,0.0,0.0,0.0
72662400,0.0,0.0,0.0,0.0
72748800,0.0,0.0,0.0,0.0
72835200,0.0,0.0,0.0,0.0
72921600,0.0,0.0,0.0,0.0
73008000,0.0,0.0,0.0,0.0
73094400,0.0,0.0,0.0,0.0
73180800,0.0,0.0,0.0,0.0
73267200,0.0,0.0,0.0,0.0
73353600,0.0,0.0,0.0,0.0
73440000,0.0,0.0,0.0,0.0
73526400,0.0,0.0,0.0,0.0
73612800,0.0,0.0,0.0,0.0
73699200,0.0,0.0,0.0,0.0
73785600,0.0,0.0,0.0,0.0
73872000,0.0,0.0,0.0,0.0
73958400,0.0,0.0,0.0,0.0
74044800,0.0,0.0,0.0,0.0
74131200,0.0,0.0,0.0,0.0
74217600,0.0,0.0,0.0,0.0
74304000,0.0,0.0,0.0,0.0
74390400,0.0,0.0,0.0,0.0
74476800,0.0,0.0,0.0,0.0
74563200,0.0,0.0,0.0,0.0
74649600,0.0,0.0,0.0,0.0
74736000,0.0,0.0,0.0,0.0
74822400,0.0,0.0,0.0,0.0
74908800,0.0,0.0,0.0,0.0
74995200,0.0,0.0,0.0,0.0
75081600,0.0,0.0,0.0,0.0
75168000,0.0,0.0,0.0,0.0
75254400,0.0,0.0,0.0,0.0
75340800,0.0,0.0,0.0,0.0
75427200,0.0,0.0,0.0,0.0
75513600,0.0,0.0,0.0,0.0
75600000,0.0,0.0,0.0,0.0
75686400,0.0,0.0,0.0,0.0
75772800,0.0,0.0,0.0,0.0
75859200,0.0,0.0,0.0,0.0
75945600,0.0,0.0,0.0,0.0
76032000,0.0,0.0,0.0,0.0
76118400,0.0,0.0,0.0,0.0
76204800,0.0,0.0,0.0,0.0
76291200,0.0,0.0,0.0,0.0
76377600,0.0,0.0,0.0,0.0
76464000,0.0,0.0,0.0,0.0
76550400,0.0,0.0,0.0,0.0
76636800,0.0,0.0,0.0,0.0
76723200,0.0,0.0,0.0,0.0
76809600,0.0,0.0,0.0,0.0
76896000,0.0,0.0,0.0,0.0
76982400,0.0,0.0,0.0,0.0
77068800,0.0,0.0,0.0,0.0
77155200,0.0,0.0,0.0,0.0
77241600,0.0,0.0,0.0,0.0
77328000,0.0,0.0,0.0,0.0
77414400,0.0,0.0,0.0,0.0
77500800,0.0,0.0,0.0,0.0
77587200,0.0,0.0,0.0,0.0
77673600,0.0,0.0,0.0,0.0
77760000,0.0,0.0,0.0,0.0
77846400,0.0,0.0,0.0,0.0
77932800,0.0,0.0,0.0,0.0
78019200,0.0,0.0,0.0,0.0
78105600,0.0,0.0,0.0,0.0
78192000,0.0,0.0,0.0,0.0
78278400,0.0,0.0,0.0,0.0
78364800,0.0,0.0,0.0,0.0
78451200,0.0,0.0,0.0,0.0
78537600,0.0,0.0,0.0,0.0
78624000,0.0,0.0,0.0,0.0
78710400,0.0,0.0,0.0,0.0
78796800,0.0,0.0,0.0,0.0
78883200,0.0,0.0,0.0,0.0
78969600,0.0,0.0,0.0,0.0
79056000,0.0,0.0,0.0,0.0
79142400,0.0,0.0,0.0,0.0
79228800,0.0,0.0,0.0,0.0
79315200,0.0,0.0,0.0,0.0
79401600,0.0,0.0,0.0,0.0
79488000,0.0,0.0,0.0,0.0
79574400,0.0,0.0,0.0,0.0
79660800,0.0,0.0,0.0,0.0
79747200,0.0,0.0,0.0,0.0
79833600,0.0,0.0,0.0,0.0
79920000,0.0,0.0,0.0,0.0
80006400,0.0,0.0,0.0,0.0
80092800,0.0,0.0,0.0,0.0
80179200,0.0,0.0,0.0,0.0
80265600,0.0,0.0,0.0,0.0
80352000,0.0,0.0,0.0,0.0
80438400,0.0,0.0,0.0,0.0
80524800,0.0,0.0,0.0,0.0
80611200,0.0,0.0,0.0,0.0
80697600,0.0,0.0,0.0,0.0
80784000,0.0,0.0,0.0,0.0
80870400,0.0,0.0,0.0,0.0
80956800,0.0,0.0,0.0,0.0
81043200,0.0,0.0,0.0,0.0
81129600,0.0,0.0,0.0,0.0
81216000,0.0,0.0,0.0,0.0
81302400,0.0,0.0,0.0,0.0
81388800,0.0,0.0,0.0,0.0
81475200,0.0,0.0,0.0,0.0
81561600,0.0,0.0,0.0,0.0
81648000,0.0,0.0,0.0,0.0
81734400,0.0,0.0,0.0,0.0
81820800,0.0,0.0,0.0,0.0
81907200,0.0,0.0,0.0,0.0
81993600,0.0,0.0,0.0,0.0
82080000,0.0,0.0,0.0,0.0
82166400,0.0,0.0,0.0,0.0
82252800,0.0,0.0,0.0,0.0
82339200,0.0,0.0,0.0,0.0
82425600,0.0,0.0,0.0,0.0
82512000,0.0,0.0,0.0,0.0
82598400,0.0,0.0,0.0,0.0
82684800,0.0,0.0,0.0,0.0
82771200,0.0,0.0,0.0,0.0
82857600,0.0,0.0,0.0,0.0
82944000,0.0,0.0,0.0,0.0
83030400,0.0,0.0,0.0,0.0
83116800,0.0,0.0,0.0,0.0
83203200,0.0,0.0,0.0,0.0
83289600,0.0,0.0,0.0,0.0
83376000,0.0,0.0,0.0,0.0
83462400,0.0,0.0,0.0,0.0
83548800,0.0,0.0,0.0,0.0
83635200,0.0,0.0,0.0,0.0
83721600,0.0,0.0,0.0,0.0
83808000,0.0,0.0,0.0,0.0
83894400,0.0,0.0,0.0,0.0
83980800,0.0,0.0,0.0,0.0
84067200,0.0,0.0,0.0,0.0
84153600,0.0,0.0,0.0,0.0
84240000,0.0,0.0,0.0,0.0
84326400,0.0,0.0,0.0,0.0
84412800,0.0,0.0,0.0,0.0
84499200,0.0,0.0,0.0,0.0
84585600,0.0,0.0,0.0,0.0
84672000,0.0,0.0,0.0,0.0
84758400,0.0,0.0,0.0,0.0
84844800,0.0,0.0,0.0,0.0
84931200,0.0,0.0,0.0,0.0
85017600,0.0,0.0,0.0,0.0
85104000,0.0,0.0,0.0,0.0
85190400,0.0,0.0,0.0,0.0
85276800,0.0,0.0,0.0,0.0
85363200,0.0,0.0,0.0,0.0
85449600,0.0,0.0,0.0,0.0
85536000,0.0,0.0,0.0,0.0
85622400,0.0,0.0,0.0,0.0
85708800,0.0,0.0,0.0,0.0
85795200,0.0,0.0,0.0,0.0
85881600,0.0,0.0,0.0,0.0
85968000,0.0,0.0,0.0,0.0
86054400,0.0,0.0,0.0,0.0
86140800,0.0,0.0,0.0,0.0
86227200,0.0,0.0,0.0,0.0
86313600,0.0,0.0,0.0,0.0
86400000,0.0,0.0,0.0,0.0
